WBS,Task Name,link,begin,end,Predecessors,is soft pred.1,is soft pred.2,Details,Start,Finish,Duration,% Complete,Status,Assigned To,Comments
,Mathematics,,,,,,,,,02/08/14,,,,,
1.,Basic Arithmetic,,,,,,,,,02/08/14,,,,,
1.1.,Basic Number Operations,,,,,,,,,02/08/14,,,,,
1.1.1,Sum and Subtraction,need to do ourselves,,,,,,"add two numbers, subtract one number from another, subtract larger number from smaller, addition is symmetric, subtraction is not, subtraction is also addition.",,,,,,,
1.1.2,Multiplication and division,,,,,,,,,,,,,,
1.1.2.1,Introduction to Multiplication and division,need to do ourselves,,,4,,,"multiply two numbers, divide one number by another, multiplication is repeated sum",,,1,,,,
1.1.2.2,Multiplication Table,need to do ourselves,,,6,,,multiplication table of numbers upto 16. How to quickly compute if one cant memorize.,,,1,,,,
1.1.2.3,How to do long Multiplication,https://www.youtube.com/watch?v=0jhf1ldvP-o,0:00,2:13,"6, 7",,,teach the technique,,,1,,,,
1.1.2.4,How to do long division,"https://www.youtube.com/watch?v=MbpmP1esh-Q
https://www.youtube.com/watch?v=eIUoIhfupuA",,,"6, 7",,,teach the technique,,,1,,,,
1.1.3,PEDMAS,https://www.youtube.com/watch?v=3Mu3ciXkemg,00:09,2:08,,,,"The precedence table, a few tricky examples",0.09,02/08/14,1,,,,
1.2.,Number Lines,,,,,,,,,,,,,,
1.2.1,Introduction to Number Lines,https://www.youtube.com/watch?v=g4Q5LOQG6OQ,,,4,,,"what is number line, positions of numbers, negative numbers, addition, subtraction etc. on number line",,,1,,,,
1.2.2,Inequality,https://www.youtube.com/watch?v=dTwZ5N126gw,,,12,,,Relative position of two numbers on the number line,,,1,,,,
1.3.,Integers,,,,,,,,,,,,,,
1.3.1,Introduction to Integers,https://www.youtube.com/watch?v=LTSjIgfA7NY,,,4,,,"what are integers, negative integers, counting numbers",,,1,,,,
1.3.2,Odd-Even Numbers,,,,,,,,,,,,,,
1.3.2.1,Introduction to Odd-Even Numbers,https://www.youtube.com/watch?v=xtd5Dk7mvgE,,,15,,,"Odd Numbers, Even Numbers, Odd and Even are alternative numbers",,,1,,,,
1.3.2.2,Addition of Odd-Even,https://www.youtube.com/watch?v=dP5WZzNxYVA,1:20,3:26,17,,,Addition of odd and even is odd,,,1,,,,
1.3.2.3,Multiplication of Odd-Even,https://www.youtube.com/watch?v=dP5WZzNxYVA,3:27,4:26,"17, 6",,,multiplication odd-even is even,,,1,,,,
1.4.,Fractions,,,,,,,,,,,,,,
1.4.1,Introduction to fractions and decimals,"https://www.youtube.com/watch?v=ER3mpiG7x242
https://www.youtube.com/watch?v=Vmn9JEzEZuc","0:00`
0:00","1:21
0:51","12, 6",,,"Fractions and decimals on number line, converting fraction to decimal",,,1,,,,
1.4.2,Reciprocals,https://www.youtube.com/watch?v=ywZGdmdZYk4,,,21,,,reciprocals of numbers,,,1,,,,
1.4.3,Fractions,,,,,,,,,,,,,,
1.4.3.1,Simplification of a fraction,https://www.youtube.com/watch?v=8JrORrjqLWs,,,"56, 21",,,dividing both numerator and denominator by a common factor to bring it to more basic form,,,1,,,,
1.4.3.2,Interchanging improper and mixed fractions,"https://www.youtube.com/watch?v=IByEp5brtw4
https://www.youtube.com/watch?v=si5Qf4lfPh0",0:17,,21,,,Improper to mixed and mixed to improper fraction conversion,,,1,,,,
1.4.3.3,converting fraction into decimals,https://www.youtube.com/watch?v=NBzqxRIa9BY,,,21,,,,,,1,,,,
1.4.3.4,Addition and Subtraction of Fractions,https://www.youtube.com/watch?v=Bim6Lw92rjY,,,"21, 53",,,Adding two fractions using LCM method,,,1,,,,
1.4.3.5,Multiplication of fractions,https://www.youtube.com/watch?v=CTKMK1ZGLuk,,,21,,,"Multiplying numerator with numerator and denominator with denominator, simplification of result fraction",,,1,,,,
1.4.3.6,Division of fractions,"https://www.youtube.com/watch?v=jXTSbGd6HtU
https://www.youtube.com/watch?v=-zMp-hBAzLs",,,21,,,division is multiplication of the reciprocal,,,1,,,,
1.4.4,Decimals,,,,,,,,,,,,,,
1.4.4.1,Multiplication of decimals,https://www.youtube.com/watch?v=JEHejQphIYc,,2:18,21,,,Adding decimal places,,,1,,,,
1.4.4.2,Division of decimals,https://www.youtube.com/watch?v=nfTTVYwN9tc,,,21,,,removing decimal n dividing,,,1,,,,
1.4.4.3,Place Value,https://www.youtube.com/watch?v=K6NM8rWhdxU,,,21,,,Place value and absolute value,,,1,,,,
1.4.4.4,Scientific Notation,https://www.youtube.com/watch?v=zwBsL-NgkjE,0:17,,21,,,writing 1.3 as 13x10^{-1},,,1,,,,
1.5.,Squares and Square roots,,,,,,,,,,,,,,
1.5.1,Squaring an Integer,,,,,,,,,,,,,,
1.5.1.1,Introduction to squaring,https://www.youtube.com/watch?v=tp87SUS4mMI,0:23,2:15,"6, 15",,,squaring is multiplying the number by itself,,,,,,,
1.5.1.2,Squaring Negative Integers,https://www.youtube.com/watch?v=VhJyEUdBpkk,,,"6, 15",,,Negative numbers become positive,,,1,,,,
1.5.1.3,Perfect Square Numbers,,,,37,,,"numbers which are square of other numbers, a few properties of square numbers",,,1,,,,
1.5.2,Square root of integers,"https://www.youtube.com/watch?v=tp87SUS4mMI
https://www.youtube.com/watch?v=5_gvcR6W_4g",2:28,3:55,"37, 57",,,"Rational, as well as irrational Numbers",,,1,,,,
1.5.3,Square of Fractions,,,,37,,,squaring numerator and denominator,,,,,,,
1.6.,Number Theory,,,,,,,,,,,,,,
1.6.1,Divisibility,,,,,,,,,,,,,,
1.6.1.1,Introduction to Divisibility,https://www.youtube.com/watch?v=LUmbdLGeVQw,,2:37,6,,,a number is divisible by another if there is no remainder,,,,,,,
1.6.1.2,Tricks to check Divisibly by specific numbers,,,,,,,,,,,,,,
1.6.1.2.1,Divisible by 3,https://www.youtube.com/watch?v=2G_Jr_XpnY4,0:55,2:06,44,,,rule to determine if a number is divisible by 3,,,1,,,,
1.6.1.2.2,Divisible by 5,https://www.youtube.com/watch?v=0qMsYaM1ito,,,44,,,rule to determine if a number is divisible by 5,,,1,,,,
1.6.1.2.3,Divisible by 7,,,,44,,,rule to determine if a number is divisible by 7,,,1,,,,
1.6.1.2.4,Divisible by 9,https://www.youtube.com/watch?v=XAzFGx3Ruig,,0:54,44,,,rule to determine if a number is divisible by 9,,,1,,,,
1.6.1.2.5,Divisible by 10 and its powers,,,,44,,,rule to determine if a number is divisible by 10,,,1,,,,
1.6.1.3,Multiples,,,,,,,,,,,,,,
1.6.1.3.1,Introduction to Multiples,https://www.youtube.com/watch?v=LUmbdLGeVQw,4:33,5:11,6,,,a is a multiple of b if a is divisible by b,,,1,,,,
1.6.1.3.2,LCM,https://www.youtube.com/watch?v=QUem_2dkB9I,,,"6, 57",,,minimum nmber which is divisible by two or more numbers. Factorization method to find LCM,,,1,,,,
1.6.2,remainders,,,,6,,,possible remainders when a is divided by b,,,1,,,,
1.6.3,Factorization,,,,,,,,,,,,,,
1.6.3.1,Introduction to factorization,https://www.youtube.com/watch?v=gYvIcPLg3NI,,,6,,,"fators of a number, factors exist in pair",,,1,,,,
1.6.3.2,Prime Factorization,https://www.youtube.com/watch?v=XWq8bplP-_E,,,59,,,"how to get all prime factors, get all factors when prime factors are known",,,1,,,,
1.6.3.3,GCF,"https://www.youtube.com/watch?v=jFd-6EPfnec
https://www.youtube.com/watch?v=Ck_9LlabVt8",,2:27,57,,,"what is GCF, division and factorisation method to get GCF",,,1,,,,
1.6.4,Prime Numbers,https://www.youtube.com/watch?v=9pgA-H77BLc,,,56,,,What is prime number,,,1,,,,
1.7.,"Ratio, Proportion, Percentage",,,,,,,,,,,,,,
1.7.1,Percent,,,,,,,,,,,,,,
1.7.1.1,Introduction to Percents,https://www.youtube.com/watch?v=Lvr2YsxG10o,,,21,,,"what is percent, percentage of a number,more than 100%",,,1,,,,
1.7.1.2,Percent Change,https://www.youtube.com/watch?v=TpZXX-GsmB0,,,62,,,"meaning of percent change, how to compute",,,1,,,,
1.7.1.3,Chain Percentage,,,,62,,,"chain percntage change is not additive, need to be computed sequentially",,,1,,,,
1.7.1.4,Inverting Percent change,,,,63,,,getting back the original value from the changed value,,,1,,,,
1.7.2,Ratio,,,,,,,,,,,,,,
1.7.2.1,Introduction to ratio,https://www.youtube.com/watch?v=bIKmw0aTmYc,,,21,,,"what is ratio, ratio of two or more items, ratio is similar to fraction,getting fraction of total when ratio is given and viceversa.",,,1,,,,
1.7.2.2,Chain ratio,,,,67,,,"a:b amd b:c given, get a:b:c",,,1,,,,
1.7.3,Proportion,"https://www.youtube.com/watch?v=JeugfMGDSIc
https://www.youtube.com/watch?v=P_aQPxr2G_4",,,67,,,proportion is equating two ratios and then getting one unknown value ( almost similar to unitary method),,,1,,,,
1.8.,Sequence,,,,,,,,,,,,,,
1.8.1,Introduction to sequence,https://www.youtube.com/watch?v=p-rc5mTDt9E,,1:41,6,,,"what is sequence, the staring term, the succession rule, observing a few terms and formulationg the rule",,,1,,,,
1.8.2,Arithmetic Progression,"https://www.youtube.com/watch?v=_cooC3yG_p0
https://www.youtube.com/watch?v=xWHfQGBzgbc",,2:44,71,,,"what is AP, common difference,nth term in AP, sum of AP, average of AP",,,1,,,,
1.8.3,Geometric Progression,https://www.youtube.com/watch?v=dIGLhLMsy2U,,2:18,71,,,"what is GP, common ratio, nth term of GP, sum of finite and infinite GP",,,1,,,,
1.8.4,Mixed,,,,71,,,"AP and GP mixed, find pattern and guess next",,,1,,,,
1.9.,Arithmetic word Problems,,,,6,,,Word Problems that don't need any unknown assumption to solve,,,1,,,,
1.10.,Counting Problems,,,,,,,,,,,,,,
1.10.1,Listing all possible options,,,,95,,,"how to serially count things, how to avoid risk of duplicacy,",,,1,,,,
1.10.2,Permutations,,,,,,,,,,,,,,
1.10.2.1,Introduction to permutation,https://www.youtube.com/watch?v=uYwjFWqVSBE,,,6,,,"factorial, permutations, arrangements and similar terms. How to compute number of permutations",,,1,,,,
1.10.2.2.,Restricted Permutations,"https://www.youtube.com/watch?v=yZ_0HmTn0oI
https://www.youtube.com/watch?v=zxxrR2oa0-M
https://www.youtube.com/watch?v=dW6r1T-Y1Mk",".
.
3:26","1:50
3:36
6:50",79,,,When some kind of constraint is given (eg. person A must sit in chair I),,,1,,,,
1.10.2.3.,Permutation of items where multiple copies of same item are present,https://www.youtube.com/watch?v=DpRjzwbwfUk,4:18,8:08,79,,,like in how many way 2 red ball and 3 white ball can be arranged in a line?,,,1,,,,
1.10.3,Combinations,,,,,,,,,,,,,,
1.10.3.1,Introduction to combination,https://www.youtube.com/watch?v=uYwjFWqVSBE,,,6,,,"Choose, make a team and other similar words. how to compute the number of all possible combinations",,,1,,,,
1.10.3.2,Making team of...,,,,83,,,There are multiple copies of each item. the number of copies of each item in the sample is fixed. (eg. make a team of 3 boys and 2 girls from a class consisting of 13 boys and 8 girls.),,,1,,,,
1.10.3.3,All possible pair,,,,83,,,"Number of handshakes, number of straight lines etc.",,,1,,,,
1.11.,Exponents,,,,,,,,,,,,,,
1.11.1,Introduction to Exponents,https://www.youtube.com/watch?v=XZRQhkii0h0,,,6,,,"what is exponent, sum:multiplication=multiplication:raised to the power",,,1,,,,
1.11.2,Inequalities of exponents,,,,87,,,"If the base is proper fraction, increasing exponent decreases value etc.",,,1,,,,
1.11.3,Multiplication- addition of exponent,,,,,,,,,,,,,,
1.11.3.1,Introduction to multiplication of terms with same base,"https://www.youtube.com/watch?v=kITJ6qH7jS0
https://www.youtube.com/watch?v=kITJ6qH7jS0","2:22
5:43","5:01
8:33",87,,,"multiplying two number with same base, dividing one number with another, both having same base",,,1,,,,
1.11.3.2,Negative exponents,https://www.youtube.com/watch?v=JnpqlXN9Whw,,2:43,90,,,how to explain negative exponents,,,1,,,,
1.11.4,multiplication of exponents,,,,,,,,,,,,,,
1.11.4.1,Introduction to multiplication of exponents,https://www.youtube.com/watch?v=rEtuPhl6930,0:53,2:27,87,,,raising power of a number is multiplying the exponent in the number with that power,,,1,,,,
1.11.4.2,Fractional Expoents,"https://www.youtube.com/watch?v=tOuCdKqO6-s
https://www.youtube.com/watch?v=tOuCdKqO6-s","5:11
8:18","7:22
10:14",93,,,How to explain fraction exponents,,,1,,,,
1.12.,Logical Reasoning,,,,,,,Anything where no mathematical knowledge is not required,,,1,,,,
1.13.,Rate Problems,,,,,,,,,,,,,,
1.13.1,Speed and Distance,,,,"6, 21",,,,,,1,,,,
1.13.2,Work Rate,,,,"6, 21",,,,,,,,,,
2.,Algebra,,,,,,,,,,,,,,
2.1.,Basic Algebraic operations,"https://www.youtube.com/watch?v=DBV-R5it_Kw
https://www.youtube.com/watch?v=-1Mxuqifo1k",,2:55,6,,,"Cover adding two unknown terms and idea of coefficients, simplification of expressions",,,1,,,,
2.2.,Algebraic Factorization,,,,,,,,,,,,,,
2.2.1,difference of square,https://www.youtube.com/watch?v=tvnOWIoeeaU,,,100,,,factorize a^2-b^2,,,1,,,,
2.2.2,taking common terms out,https://www.youtube.com/watch?v=FuHThqvKaKU,,,100,,,x^2-3x=x(x-3),,,1,,,,
2.2.3,middle term expansion of quadratic expression,https://www.youtube.com/watch?v=YMBjk_v-0j8,,,100,,,x^2-3x+2=(x-1)(x-2),,,1,,,,
2.2.4,cube difference,https://www.youtube.com/watch?v=eXjxF1I9o4E,,3:26,100,,,a^3-b^3 factorization,,,1,,,,
2.3.,Exponents,,,,,,,,,,,,,,
2.3.1,Introduction to Exponents,,,,100,,,"what is exponent, sum:multiplication=multiplication:raised to the power",,,1,,,,
2.3.2,Inequalities of exponents,,,,"13, 107",,,"If the base is proper fraction, increasing exponent decreases value etc.",,,1,,,,
2.3.3,Multiplication- addition of exponent,,,,,,,,,,,,,,
2.3.3.1,Introduction to multiplication of terms with same base,"https://www.youtube.com/watch?v=A1wKTiBTsfk
https://www.youtube.com/watch?v=A1wKTiBTsfk","2:22
4:26","3:17
5:10",107,,,"multiplying two number with same base, dividing one number with another, both having same base",,,1,,,,
2.3.3.2,Negative exponents,https://www.youtube.com/watch?v=A1wKTiBTsfk,6:51,,110,,,how to explain negative exponents,,,1,,,,
2.3.4,multiplication of exponents,,,,,,,,,,,,,,
2.3.4.1,Introduction to multiplication of exponents,https://www.youtube.com/watch?v=A1wKTiBTsfk,3:54,4:25,107,,,raising power of a number is multiplying the exponent in the number with that power,,,1,,,,
2.3.4.2,Fractional Expoents,https://www.youtube.com/watch?v=8HfWGjQNlhk,,,113,,,How to explain fraction exponents,,,1,,,,
2.4.,Solving Basic Equations,,,,,,,,,,,,,,
2.4.1,Introduction to solving equation,https://www.youtube.com/watch?v=lYAIF5vXCPM,,,100,,,"how to solve basic, 1 variable equation",,,1,,,,
2.4.2,solving one variable in terms of other,https://www.youtube.com/watch?v=oOmxNr26fWs,,,100,,,"when both side contains algebraic symbols, can't solve to numerical values, but rewplacement serves the purpose",,,1,,,,
2.4.3,Solving Radical Equations,https://www.youtube.com/watch?v=y4C81qAa3pY,,,107,,,Equations containing roots and surds.,,,1,,,,
2.5.,Absolute Value,,,,12,,,"Define absolute value, graph of absolute value function, sqrt(x^2) gives absolute value of x",,,1,,,,
2.6.,Algebraic Inequalities,https://www.youtube.com/watch?v=l4r2Pw0OqOg,,,"13, 100",,,solve inequalities in as you solve equations,,,1,,,,
2.7.,Linear equation of two variables,,,,100,,,"simultaneous equation solving, unsolvable equation (parallel lines)",,,1,,,,
2.8.,Quadratic Equations,https://www.youtube.com/watch?v=kuimoHMleug,,,"100, 102, 103, 104",,,"Solve quadratic equation, Sridharacharyas rule",,,1,,,,
2.9.,Rational Equation,https://www.youtube.com/watch?v=NK2ngJeD2wA,,,100,,,equation where both numerator and denominator contains unknown terms,,,1,,,,
2.10.,Algebraic proportionality,,,,,,,,,,,,,,
2.10.1,Direct Proportionality,https://www.youtube.com/watch?v=9tNfdZTQbKo,,,100,,,y=kx,,,1,,,,
2.10.2,Inverse proportionality,https://www.youtube.com/watch?v=swAs0v7u4Vk,,,100,,,xy=k,,,1,,,,
2.11.,Algebraic word problems,https://www.youtube.com/watch?v=gtFldyOhdGA,,,100,,,Explain  the mathematical equivalence of every word while forming an equations/expression from a word problem,,,1,,,,
2.12.,Functions,,,,,,,,,,,,,,
2.12.1,Basics of Function,"https://www.youtube.com/watch?v=5VPL6V9IH7s
https://www.youtube.com/watch?v=147_tOEfrUg",,,253,,,"mapping, function, into, onto function, invertible functions",,,1,,,,
2.12.2,Linear functions,https://www.youtube.com/watch?v=AqIMrHOBM4g,,,129,,,,,,1,,,,
2.12.3,Quadratic function,https://www.youtube.com/watch?v=yEcRnEzKq1c,2:18,4:00,129,,,,,,1,,,,
2.12.4,Graph of Functions,,,,,,,,,,,,,,
2.12.4.1,Introduction to graph of functions,https://www.youtube.com/watch?v=rZZq0-VTraU,,,"129, 218",,,,,,1,,,,
2.12.4.2,Graph of linear functions,"https://www.youtube.com/watch?v=EbuRufY41pc
https://www.youtube.com/watch?v=m5LzS7GqjgE",,,"130, 133",,,"Plotting a straight line on a graph, plotting of different forms",,,1,,,,
2.12.4.3,Graph of quadratic function,https://www.youtube.com/watch?v=vphPafWDZkw,,,"131, 133",,,"plooting quadratic function on graph, finding maxima, minima, roots etc graphically",,,1,,,,
2.12.4.4,Finding root of function from graph,https://www.youtube.com/watch?v=6_F8mUCPGf0,,,133,,,given a graph (and not the functional form) how can you find thge roots,,,1,,,,
2.12.4.5,Translation of function and effect on graph,"https://www.youtube.com/watch?v=B4NJFnTxiQY
https://www.youtube.com/watch?v=Ak-KxgW3RJM",,,133,,,"shift of a fraph in x axis, y axis or both axis, effect on the function itself",,,1,,,,
2.12.5,nested functions,https://www.youtube.com/watch?v=1x7gv3N6FD8,,,129,,,fog(x),,,1,,,,
2.12.6,Function of two variables,make ourselves,,,129,,,equation of circle is of special importance,,,1,,,,
2.12.7,Deriving functions from tables of observations,"https://www.youtube.com/watch?v=VfHSrBRTDQQ
https://www.youtube.com/watch?v=p0CEGUg8PXU",,,133,,,find the functional form or plot the graph,,,1,,,,
3.,Geometry,,,,,,,,,,,,,,
3.1.,Points and Straight Lines,,,,,,,,,,,,,,
3.1.1,Introduction to points and lines,,,,,,,"define points, lines, join two points to get a line",,,,,,,
3.1.2,Colinear points,,,,143,,,when will three or more points be colinear,,,1,,,,
3.2.,Angles,,,,,,,,,,,,,,
3.2.1,Introduction to angle and angle measurements,,,,143,,,"define angle, units of angle measurement, acute, right, obtuse, reflex angles. angle on a straight line",,,1,,,,
3.2.2,Angles at intersecting lines,,,,146,,,"when two lines intersect, the opposite angles are equal",,,1,,,,
3.2.3,Angles generated by intersecting two parallel lines,,,,146,,,"corresponding angles are equal, alternate angles are equal, interior angles add up to 180",,,1,,,,
3.2.4,Angles of a triangle,,,,148,,,sum of angles of triangle is 180,,,1,,,,
3.2.5,Angles of a polygon,,,,149,,,sum of angles of any n sided polynomial is (n-2)180,,,1,,,,
3.3.,Triangles,,,,,,,,,,,,,,
3.3.1,Introduction to Triangle,,,,143,,,"what is triangle, three sides, different types of triangles",,,1,,,,
3.3.2,Perimeter of a triangle,,,,152,,,,,,1,,,,
3.3.3,Area of a triangle,,,,"100, 152",,,(1/2)base.altitude and sqrt(s(s-a)(s-b)(s-c)),,,1,,,,
3.3.4,Equilateral Triangle,,,,,,,,,,,,,,
3.3.4.1,Introduction to equilateral Triangle,,,,"152, 149",,,"equal side, equal angle, perimeter=3*side",,,1,,,,
3.3.4.2,Area of equilateral Triangles,,,,"154, 156",,,how to compute area of an equilateral triangle,,,1,,,,
3.3.5,Isosceles Triangle,,,,,,,,,,,,,,
3.3.5.1,Introduction to Isosceles Triangle,,,,"152, 149",,,"2 equal side, 2 equal angle, perpendicular bisects base",,,1,,,,
3.3.5.2,Area of Isosceles Triangles,,,,"154, 159",,,how to compute area of isosceles triangle,,,1,,,,
3.3.6,Right Angled Triangle,,,,,,,,,,,,,,
3.3.6.1,Introduction to Right angled triangle,,,,"152, 149",,,"one angle 90, name of 3 sides",,,1,,,,
3.3.6.2,Pythagoras' Theorem and its application,,,,"37, 40, 162",,,"the theorem, some empirical proof, some pythagorean triplets",,,1,,,,
3.3.6.3,Area of Right angled triangle,,,,"154, 162",,,how to compute area of Right Angled triangles,,,1,,,,
3.3.7,Triangle Congruence Rules,,,,,,,,,,,,,,
3.3.7.1,SAS Rule,,,,"149, 152",,,No explanation,,,1,,,,
3.3.7.2,AAS rule,,,,"149, 152",,,No explanation,,,1,,,,
3.3.7.3,SSS rule,,,,"149, 152",,,No explanation,,,1,,,,
3.3.7.4,Rght triangle rule,,,,"149, 152",,,No explanation,,,1,,,,
3.3.8,Similar Triangles,,,,,,,,,,,,,,
3.3.8.1,Introduction to similar triangle,,,,"149, 152",,,"When to say two triangles are similar, properties of similar triangles",,,1,,,,
3.3.8.2,proportional sides,,,,"171, 69",,,"if two triangles has proportional sides, then they are similar",,,1,,,,
3.3.9,Triangle Inequality,,,,"149, 120",,,a+b>c,,,1,,,,
3.4.,Quadrilateral,,,,,,,,,,,,,,
3.4.1,Introduction to Quadrilaterals,,,,"143, 149",,,"area enclosed by 4 sides, perimeter, sum of angles",,,1,,,,
3.4.2,Parallelogram,,,,,,,,,,,,,,
3.4.2.1,Introduction to parallelogram,,,,175,,,"opposite sides parallel and equal, opposite angles equal, diagonals bisect",,,1,,,,
3.4.2.2,Area of parallelogram,,,,177,,,how to compute the area of parallelogram,,,1,,,,
3.4.3,Rectangle,,,,,,,,,,,,,,
3.4.3.1,Introduction to Rectangle,,,,175,,,"Perimeter, area, opposite sides equal, angles 90",,,1,,,,
3.4.3.2,Diagonal of rectangle,,,,"180, 163",,,"Length of rectangle, angles bisect each other",,,1,,,,
3.4.3.3,Area of the ribbon around the rectangle,,,,175,,,a road around a rectangular pool type of problems,,,1,,,,
3.4.4,Square,,,,180,,,Square is a special rectangle,,,1,,,,
3.5.,Polygon,,,,"143, 149",,,"regular polygon, perimeter, angles",,,1,,,,
3.6.,Circle,,,,,,,,,,,,,,
3.6.1,Introduction to circle,,,,143,,,"define centre, diameter, perimeter, radius, ark, Any point on perimeter is at same distance from centre",,,1,,,,
3.6.2,Tangent,,,,,,,,,,,,,,
3.6.2.1,Tangent is perpendicular to radius,,,,"186, 146",,,Different properties of Tangent to a circle,,,1,,,,
3.6.2.2,Circles tangent to each other,,,,188,,,Two circles tangent to each other - definition and properties,,,1,,,,
3.6.3,Length of circumference,,,,186,,,perimeter=2pi.r=pi.d,,,1,,,,
3.6.4,Idea of Radian,,,,"190, 146",,,the angle generated by a fixed arc is always constant.,,,1,,,,
3.6.5,Angle Properties of circle,,,,,,,,,,,,,,
3.6.5.1,Angle in centre is twice of angle at circumference,,,,159,,,"proof of the theorem, a few applications",,,1,,,,
3.6.5.2,traingle with one side as diameter is always right angled,,,,193,,,as a corollary of prev theorem,,,1,,,,
3.7.,Solid Geometry,,,,,,,,,,,,,,
3.7.1,Cuboid,,,,,,,,,,,,,,
3.7.1.1,Introduction to Cuboids,,,,180,,,"shape, sides, total face area",,,1,,,,
3.7.1.2,Volume,,,,197,,,how to compute the volume,,,1,,,,
3.7.1.3,Diagonals,,,,"197, 163",,,diagonals of each face and the long diagonal,,,1,,,,
3.7.2,Cylinder,,,,,,,,,,,,,,
3.7.2.1,Introduction to Cylinders,,,,186,,,"shape, height, base, radius etc.",,,1,,,,
3.7.2.2,Curve surface Area,,,,"201, 180",,,how to compute,,,1,,,,
3.7.2.3,Volume,,,,201,,,how to compute,,,1,,,,
3.7.3,Sphere and hemisphere,,,,,,,,,,,,,,
3.7.3.1,Introduction to sphere and hemisphere,,,,186,,,"shape, radius",,,1,,,,
3.7.3.2,Volume,,,,205,,,formula to compute volume,,,1,,,,
3.7.3.3,Outer Surface Area,,,,205,,,formula to compute surface area,,,1,,,,
3.7.3.4,crosssection area at x distance from centre,,,,"186, 163",,,the radius of the cross section and the distance from centre and the radius are pythagorean triplets,,,1,,,,
3.7.4,Prism,,,,,,,,,,,,,,
3.7.4.1,Introduction to prism,,,,"152, 180",,,"shape, base, sides, height",,,1,,,,
3.7.4.2,Surface Areas,,,,"154, 210",,,"two surface are triangle, rest are rectangles",,,1,,,,
3.7.4.3,Volume,,,,"154, 210",,,compute volume,,,1,,,,
3.7.5,Cone,,,,,,,,,,,,,,
3.7.5.1,Introduction to cone,,,,186,,,"shape, base, height",,,1,,,,
3.7.5.2,Volume,,,,214,,,formula to compute volume,,,1,,,,
3.7.5.3,surface Area,,,,214,,,formula to compute base area and curved surface area,,,1,,,,
3.8.,Co-ordinate Geometry,,,,,,,,,,,,,,
3.8.1,Introduction to Co-ordinate Geometry,,,,12,,,"coordinate plane is Cartesian product of number line, points and st. lines in coord plane",,,1,,,,
3.8.2,Distance between two points,,,,"163, 218",,,formula to compute distance,,,1,,,,
3.8.3,Midpoint of a line segment,,,,218,,,formula to compute midpoint,,,1,,,,
3.8.4,slope of a straight line,,,,,,,,,,,,,,
3.8.4.1,Introduction to slope of a straight line,,,,"218, 134",,,,,,1,,,,
3.8.4.2,Slope of parallel lines,,,,222,,,slope is equal,,,1,,,,
3.8.4.3,slope of perpendicular lines,,,,222,,,product of slope -1,,,1,,,,
3.9.,Transformation Geometry,,,,,,,,,,,,,,
3.9.1,Translation,,,,143,,,,,,1,,,,
3.9.2,Rotation,,,,143,,,axis of rotation,,,1,,,,
3.9.3,Reflection,,,,143,,,"symmetry, line of symmetricity",,,1,,,,
3.10.,Locus,,,,143,,,,,,1,,,,
3.11.,Making equation out of Geometric figure,,,,"134, 135",,,,,,1,,,,
3.12.,Word Geometry Problem,,,,218,,,,,,1,,,,
4.,Data Interpretation,,,,,,,,,,,,,,
4.1.,Visual Data Interpretation,,,,,,,,,,,,,,
4.1.1,Pie Chart,,,,62,,,interpret data shown in pie chart,,,1,,,,
4.1.2,Line Graph,,,,,,,interpret data shown in line chart,,,,,,,
4.1.3,Bar/ Column Diagram,,,,,,,interpret data shown in bar chart,,,,,,,
4.1.4,Pictograph,,,,,,,interpret data shown in pictograph,,,,,,,
4.1.5,Coordinate Graph,,,,218,,,,,,1,,,,
4.2.,convert words into graph,,,,218,,,,,,1,,,,
4.3.,Statistics,,,,,,,,,,,,,,
4.3.1,Arithmetic Mean,,,,,,,,,,,,,,
4.3.1.1,Introduction to AM,,,,6,,,How to compute AM,,,,,,,
4.3.1.2,Idea of AM in Algebra,,,,"100, 242",,,AM with variables or unknown terms,,,1,,,,
4.3.1.3,Weighted AM,,,,242,,,weight associated with variables,,,1,,,,
4.3.2,Median,,,,,,,,,,,,,,
4.3.2.1,no of observation is odd,https://www.youtube.com/watch?v=oCz49GXbbGY,,,13,,,,,,1,,,,
4.3.2.2,No of observation is even,https://www.youtube.com/watch?v=9-_4e-VDpk0,,,13,,,,,,1,,,,
4.3.3,Mode,https://www.youtube.com/watch?v=khP3ge7a2Yk,,,,,,most number of occurance in the dataset,,,,,,,
4.3.4,Probability,,,,,,,,,,,,,,
4.3.4.1,Introduction to Probability,,,,"253, 6",,,p=n(A)/n,,,1,,,,
4.3.4.2,Independence of events,,,,250,,,p(AB)=p(A)p(B),,,1,,,,
4.4.,Sets,,,,,,,,,,,,,,
4.4.1,Introduction to set,,,,,,,"what is set and what is not, elements of set, size of a set, subset and superset, universal set, exclusive sets, overlapping sets, partition (briefly)",,,,,,,
4.4.2,Union,,,,"253, 4",,,"union of two sets, formula for number of elements in union",,,1,,,,
4.4.3,Intersection,,,,"253, 4",,,"Intersection of sets,",,,1,,,,
4.4.4,Set Word Problem (Venn Diagram),,,,"253, 4",,,basic logic to set notations conversion,,,1,,,,
4.4.5,Inclusion Exclusion ?,,,,"254, 255",,,,,,1,,,,
5.,Cognitive Tags,,,,,,,,,,,,,,
5.1,"used ""choose"" but means permutation",,,,79,,,"The words which generally are associated with combination (like choose, make a group etc) are used, but the problem is of permutation, not combination",,,1,,,,
5.2,clubbing more than one variables together and treating them as a single variable and solve,,,,,,,,,,,,,,
,Back Calculation,,,,,,,,,,,,,,
,Answer can be obtained without explicitly solving equations,,,,,,,,,,,,,,
,Solution is integer,,,,,,,,,,,,,,
,Guestimate,,,,,,,,,,,,,,
,optimisation,,,,,,,,,,,,,,
,Solution is not integer,,,,,,,,,,,,,,
,"when ""x is positive"" is mentioned, omit negative or 0 solution",,,,,,,,,,,,,,
,Finding complement of the answer instead of solving directly,,,,,,,,,,,,,,
,Negative Question,,,,,,,Complementof the obvious is the answer,,,,,,,
,Redundant Informations,,,,,,,,,,,,,,
,anything product 0 is 0,,,,,,,,,,,,,,
,Corrections to AM,,,,,,,"Instead of re computing the whole thing, find how the changes effect the AM",,,,,,,
,different units,,,,,,,,,,,,,,
,Decomposition of geometric figures into well known ones,,,,,,,,,,,,,,
,sum is symmetric,,,,,,,,,,,,,,
,Shaded region doesn't always ask for area,,,,,,,,,,,,,,
,plug in,,,,,,,,,,,,,,
